<?xml version="1.0" encoding="UTF-8"?><!--
        *** GENERATED FROM jax-ws.xml - DO NOT EDIT !                             ***
        *** TO MODIFY wsimport options USE Web Service node -> Edit WS Attributes ***
        *** TO CHANGE TARGETS GENERATED TO jaxws-build.xml COPY THOSE             ***
        *** TARGETS TO ../build.xml AND MODIFY THAT FILE INSTEAD                  ***

        --><project xmlns:xalan="http://xml.apache.org/xslt" xmlns:j2seproject3="http://www.netbeans.org/ns/j2se-project/3" xmlns:jaxws="http://www.netbeans.org/ns/jax-ws/1">
    <!--
                ===================
                JAX-WS WSIMPORT SECTION
                ===================
            -->
    <target name="wsimport-init" depends="init">
        <mkdir dir="${build.generated.sources.dir}/jax-ws"/>
        <taskdef name="wsimport" classname="com.sun.tools.ws.ant.WsImport">
            <classpath path="${libs.jaxws21.classpath}"/>
        </taskdef>
    </target>
    <target name="wsimport-client-Project3RPI" depends="wsimport-init">
        <mkdir dir="${build.generated.dir}/jax-wsCache/Project3RPI"/>
        <property name="wsdl-Project3RPI" location="xml-resources/web-service-references/Project3RPI/wsdl/localhost_8090/Project3Task1Server/Project3RPI.wsdl"/>
        <wsimport sourcedestdir="${build.generated.dir}/jax-wsCache/Project3RPI" destdir="${build.generated.dir}/jax-wsCache/Project3RPI" wsdl="${wsdl-Project3RPI}" catalog="catalog.xml" encoding="${source.encoding}" extension="true" verbose="true" fork="false" wsdlLocation="http://localhost:8090/Project3Task1Server/Project3RPI?WSDL" xnocompile="true" xendorsed="true">
            <depends file="${wsdl-Project3RPI}"/>
            <produces dir="${build.generated.dir}/jax-wsCache/Project3RPI"/>
        </wsimport>
        <copy todir="${build.generated.sources.dir}/jax-ws">
            <fileset dir="${build.generated.dir}/jax-wsCache/Project3RPI">
                <include name="**/*.java"/>
            </fileset>
        </copy>
    </target>
    <target name="wsimport-client-clean-Project3RPI" depends="-init-project">
        <delete dir="${build.generated.dir}/jax-wsCache/Project3RPI"/>
        <delete dir="${build.generated.sources.dir}/jax-ws/edu/cmu/andrew/rushabhs"/>
    </target>
    <target name="wsimport-client-generate" depends="wsimport-client-Project3RPI"/>
</project>
